-- MySQL dump 10.13  Distrib 8.0.34, for macos13 (arm64)
--
-- Host: localhost    Database: twitter_clone
-- ------------------------------------------------------
-- Server version	8.2.0

/*!40101 SET @OLD_CHARACTER_SET_CLIENT=@@CHARACTER_SET_CLIENT */;
/*!40101 SET @OLD_CHARACTER_SET_RESULTS=@@CHARACTER_SET_RESULTS */;
/*!40101 SET @OLD_COLLATION_CONNECTION=@@COLLATION_CONNECTION */;
/*!50503 SET NAMES utf8 */;
/*!40103 SET @OLD_TIME_ZONE=@@TIME_ZONE */;
/*!40103 SET TIME_ZONE='+00:00' */;
/*!40014 SET @OLD_UNIQUE_CHECKS=@@UNIQUE_CHECKS, UNIQUE_CHECKS=0 */;
/*!40014 SET @OLD_FOREIGN_KEY_CHECKS=@@FOREIGN_KEY_CHECKS, FOREIGN_KEY_CHECKS=0 */;
/*!40101 SET @OLD_SQL_MODE=@@SQL_MODE, SQL_MODE='NO_AUTO_VALUE_ON_ZERO' */;
/*!40111 SET @OLD_SQL_NOTES=@@SQL_NOTES, SQL_NOTES=0 */;

--
-- Table structure for table `followers`
--

DROP TABLE IF EXISTS `followers`;
/*!40101 SET @saved_cs_client     = @@character_set_client */;
/*!50503 SET character_set_client = utf8mb4 */;
CREATE TABLE `followers` (
  `follower_id` int NOT NULL,
  `following_id` int NOT NULL,
  PRIMARY KEY (`follower_id`,`following_id`),
  KEY `following_id` (`following_id`),
  CONSTRAINT `followers_ibfk_1` FOREIGN KEY (`follower_id`) REFERENCES `users` (`user_id`),
  CONSTRAINT `followers_ibfk_2` FOREIGN KEY (`following_id`) REFERENCES `users` (`user_id`)
) ENGINE=InnoDB DEFAULT CHARSET=utf8mb4 COLLATE=utf8mb4_0900_ai_ci;
/*!40101 SET character_set_client = @saved_cs_client */;

--
-- Dumping data for table `followers`
--

LOCK TABLES `followers` WRITE;
/*!40000 ALTER TABLE `followers` DISABLE KEYS */;
INSERT INTO `followers` VALUES (2,1),(1,2);
/*!40000 ALTER TABLE `followers` ENABLE KEYS */;
UNLOCK TABLES;

--
-- Table structure for table `hashtags`
--

DROP TABLE IF EXISTS `hashtags`;
/*!40101 SET @saved_cs_client     = @@character_set_client */;
/*!50503 SET character_set_client = utf8mb4 */;
CREATE TABLE `hashtags` (
  `hashtag_id` int NOT NULL AUTO_INCREMENT,
  `hashtag_name` varchar(50) DEFAULT NULL,
  PRIMARY KEY (`hashtag_id`),
  UNIQUE KEY `hashtag_name` (`hashtag_name`)
) ENGINE=InnoDB AUTO_INCREMENT=3 DEFAULT CHARSET=utf8mb4 COLLATE=utf8mb4_0900_ai_ci;
/*!40101 SET character_set_client = @saved_cs_client */;

--
-- Dumping data for table `hashtags`
--

LOCK TABLES `hashtags` WRITE;
/*!40000 ALTER TABLE `hashtags` DISABLE KEYS */;
INSERT INTO `hashtags` VALUES (2,'programming'),(1,'technology');
/*!40000 ALTER TABLE `hashtags` ENABLE KEYS */;
UNLOCK TABLES;

--
-- Table structure for table `likes`
--

DROP TABLE IF EXISTS `likes`;
/*!40101 SET @saved_cs_client     = @@character_set_client */;
/*!50503 SET character_set_client = utf8mb4 */;
CREATE TABLE `likes` (
  `like_id` int NOT NULL AUTO_INCREMENT,
  `user_id` int DEFAULT NULL,
  `tweet_id` int DEFAULT NULL,
  `created_at` timestamp NULL DEFAULT CURRENT_TIMESTAMP,
  PRIMARY KEY (`like_id`),
  KEY `user_id` (`user_id`),
  KEY `tweet_id` (`tweet_id`),
  CONSTRAINT `likes_ibfk_1` FOREIGN KEY (`user_id`) REFERENCES `users` (`user_id`),
  CONSTRAINT `likes_ibfk_2` FOREIGN KEY (`tweet_id`) REFERENCES `tweets` (`tweet_id`)
) ENGINE=InnoDB AUTO_INCREMENT=3 DEFAULT CHARSET=utf8mb4 COLLATE=utf8mb4_0900_ai_ci;
/*!40101 SET character_set_client = @saved_cs_client */;

--
-- Dumping data for table `likes`
--

LOCK TABLES `likes` WRITE;
/*!40000 ALTER TABLE `likes` DISABLE KEYS */;
INSERT INTO `likes` VALUES (1,1,2,'2024-02-28 06:00:35'),(2,2,1,'2024-02-28 06:00:35');
/*!40000 ALTER TABLE `likes` ENABLE KEYS */;
UNLOCK TABLES;

--
-- Table structure for table `tweet_hashtags`
--

DROP TABLE IF EXISTS `tweet_hashtags`;
/*!40101 SET @saved_cs_client     = @@character_set_client */;
/*!50503 SET character_set_client = utf8mb4 */;
CREATE TABLE `tweet_hashtags` (
  `tweet_id` int NOT NULL,
  `hashtag_id` int NOT NULL,
  PRIMARY KEY (`tweet_id`,`hashtag_id`),
  KEY `hashtag_id` (`hashtag_id`),
  CONSTRAINT `tweet_hashtags_ibfk_1` FOREIGN KEY (`tweet_id`) REFERENCES `tweets` (`tweet_id`),
  CONSTRAINT `tweet_hashtags_ibfk_2` FOREIGN KEY (`hashtag_id`) REFERENCES `hashtags` (`hashtag_id`)
) ENGINE=InnoDB DEFAULT CHARSET=utf8mb4 COLLATE=utf8mb4_0900_ai_ci;
/*!40101 SET character_set_client = @saved_cs_client */;

--
-- Dumping data for table `tweet_hashtags`
--

LOCK TABLES `tweet_hashtags` WRITE;
/*!40000 ALTER TABLE `tweet_hashtags` DISABLE KEYS */;
INSERT INTO `tweet_hashtags` VALUES (1,1),(2,2);
/*!40000 ALTER TABLE `tweet_hashtags` ENABLE KEYS */;
UNLOCK TABLES;

--
-- Table structure for table `tweets`
--

DROP TABLE IF EXISTS `tweets`;
/*!40101 SET @saved_cs_client     = @@character_set_client */;
/*!50503 SET character_set_client = utf8mb4 */;
CREATE TABLE `tweets` (
  `tweet_id` int NOT NULL AUTO_INCREMENT,
  `user_id` int DEFAULT NULL,
  `tweet_text` text NOT NULL,
  `created_at` timestamp NULL DEFAULT CURRENT_TIMESTAMP,
  PRIMARY KEY (`tweet_id`),
  KEY `user_id` (`user_id`),
  CONSTRAINT `tweets_ibfk_1` FOREIGN KEY (`user_id`) REFERENCES `users` (`user_id`)
) ENGINE=InnoDB AUTO_INCREMENT=3 DEFAULT CHARSET=utf8mb4 COLLATE=utf8mb4_0900_ai_ci;
/*!40101 SET character_set_client = @saved_cs_client */;

--
-- Dumping data for table `tweets`
--

LOCK TABLES `tweets` WRITE;
/*!40000 ALTER TABLE `tweets` DISABLE KEYS */;
INSERT INTO `tweets` VALUES (1,1,'Just posted my first tweet! #excited','2024-02-28 06:00:35'),(2,2,'Hello Twitter world! #newbie','2024-02-28 06:00:35');
/*!40000 ALTER TABLE `tweets` ENABLE KEYS */;
UNLOCK TABLES;

--
-- Table structure for table `users`
--

DROP TABLE IF EXISTS `users`;
/*!40101 SET @saved_cs_client     = @@character_set_client */;
/*!50503 SET character_set_client = utf8mb4 */;
CREATE TABLE `users` (
  `user_id` int NOT NULL AUTO_INCREMENT,
  `username` varchar(50) NOT NULL,
  `email` varchar(100) NOT NULL,
  `password` varchar(100) NOT NULL,
  `created_at` timestamp NULL DEFAULT CURRENT_TIMESTAMP,
  PRIMARY KEY (`user_id`),
  UNIQUE KEY `username` (`username`),
  UNIQUE KEY `email` (`email`)
) ENGINE=InnoDB AUTO_INCREMENT=3 DEFAULT CHARSET=utf8mb4 COLLATE=utf8mb4_0900_ai_ci;
/*!40101 SET character_set_client = @saved_cs_client */;

--
-- Dumping data for table `users`
--

LOCK TABLES `users` WRITE;
/*!40000 ALTER TABLE `users` DISABLE KEYS */;
INSERT INTO `users` VALUES (1,'john_doe','john@example.com','password123','2024-02-28 06:00:35'),(2,'jane_smith','jane@example.com','securepass','2024-02-28 06:00:35');
/*!40000 ALTER TABLE `users` ENABLE KEYS */;
UNLOCK TABLES;
/*!40103 SET TIME_ZONE=@OLD_TIME_ZONE */;

/*!40101 SET SQL_MODE=@OLD_SQL_MODE */;
/*!40014 SET FOREIGN_KEY_CHECKS=@OLD_FOREIGN_KEY_CHECKS */;
/*!40014 SET UNIQUE_CHECKS=@OLD_UNIQUE_CHECKS */;
/*!40101 SET CHARACTER_SET_CLIENT=@OLD_CHARACTER_SET_CLIENT */;
/*!40101 SET CHARACTER_SET_RESULTS=@OLD_CHARACTER_SET_RESULTS */;
/*!40101 SET COLLATION_CONNECTION=@OLD_COLLATION_CONNECTION */;
/*!40111 SET SQL_NOTES=@OLD_SQL_NOTES */;

-- Dump completed on 2024-02-28 11:42:56
